,value,Iteration,Model,Dataset,DataType
0,99.93815708101424,0,laplace,iris,numeric
1,99.75262832405691,1,laplace,iris,numeric
2,99.62894248608536,2,laplace,iris,numeric
3,99.87631416202845,3,laplace,iris,numeric
4,99.87631416202845,4,laplace,iris,numeric
5,99.87631416202845,5,laplace,iris,numeric
6,99.87631416202845,6,laplace,iris,numeric
7,99.87631416202845,7,laplace,iris,numeric
8,99.75262832405691,8,laplace,iris,numeric
9,99.62894248608536,9,laplace,iris,numeric
0,99.56709956709958,0,randomwalk,iris,numeric
1,99.75262832405691,1,randomwalk,iris,numeric
2,99.75262832405691,2,randomwalk,iris,numeric
3,99.75262832405691,3,randomwalk,iris,numeric
4,99.69078540507113,4,randomwalk,iris,numeric
5,99.443413729128,5,randomwalk,iris,numeric
6,99.75262832405691,6,randomwalk,iris,numeric
7,99.5052566481138,7,randomwalk,iris,numeric
8,99.69078540507113,8,randomwalk,iris,numeric
9,99.56709956709958,9,randomwalk,iris,numeric
0,99.81447124304268,0,wnll,iris,numeric
1,99.87631416202845,1,wnll,iris,numeric
2,99.75262832405691,2,wnll,iris,numeric
3,99.75262832405691,3,wnll,iris,numeric
4,99.87631416202845,4,wnll,iris,numeric
5,100.0,5,wnll,iris,numeric
6,99.69078540507113,6,wnll,iris,numeric
7,99.93815708101424,7,wnll,iris,numeric
8,99.87631416202845,8,wnll,iris,numeric
9,99.93815708101424,9,wnll,iris,numeric
0,99.81447124304268,0,mean_shifted_laplace,iris,numeric
1,99.75262832405691,1,mean_shifted_laplace,iris,numeric
2,99.87631416202845,2,mean_shifted_laplace,iris,numeric
3,99.81447124304268,3,mean_shifted_laplace,iris,numeric
4,99.75262832405691,4,mean_shifted_laplace,iris,numeric
5,99.81447124304268,5,mean_shifted_laplace,iris,numeric
6,99.87631416202845,6,mean_shifted_laplace,iris,numeric
7,99.75262832405691,7,mean_shifted_laplace,iris,numeric
8,99.69078540507113,8,mean_shifted_laplace,iris,numeric
9,99.81447124304268,9,mean_shifted_laplace,iris,numeric
0,99.75262832405691,0,poissonmbo_old,iris,numeric
1,99.75262832405691,1,poissonmbo_old,iris,numeric
2,99.81447124304268,2,poissonmbo_old,iris,numeric
3,99.81447124304268,3,poissonmbo_old,iris,numeric
4,99.93815708101424,4,poissonmbo_old,iris,numeric
5,99.75262832405691,5,poissonmbo_old,iris,numeric
6,99.56709956709958,6,poissonmbo_old,iris,numeric
7,99.81447124304268,7,poissonmbo_old,iris,numeric
8,99.75262832405691,8,poissonmbo_old,iris,numeric
9,99.81447124304268,9,poissonmbo_old,iris,numeric
0,99.56709956709958,0,poissonmbobalanced,iris,numeric
1,99.81447124304268,1,poissonmbobalanced,iris,numeric
2,99.62894248608536,2,poissonmbobalanced,iris,numeric
3,99.443413729128,3,poissonmbobalanced,iris,numeric
4,99.81447124304268,4,poissonmbobalanced,iris,numeric
5,99.69078540507113,5,poissonmbobalanced,iris,numeric
6,99.62894248608536,6,poissonmbobalanced,iris,numeric
7,99.69078540507113,7,poissonmbobalanced,iris,numeric
8,99.93815708101424,8,poissonmbobalanced,iris,numeric
9,99.81447124304268,9,poissonmbobalanced,iris,numeric
0,99.56709956709958,0,poisson2,iris,numeric
1,99.2578849721707,1,poisson2,iris,numeric
2,99.56709956709958,2,poisson2,iris,numeric
3,99.38157081014224,3,poisson2,iris,numeric
4,99.2578849721707,4,poisson2,iris,numeric
5,99.81447124304268,5,poisson2,iris,numeric
6,99.81447124304268,6,poisson2,iris,numeric
7,99.443413729128,7,poisson2,iris,numeric
8,99.62894248608536,8,poisson2,iris,numeric
9,99.38157081014224,9,poisson2,iris,numeric
0,99.5052566481138,0,poisson,iris,numeric
1,99.69078540507113,1,poisson,iris,numeric
2,99.5052566481138,2,poisson,iris,numeric
3,99.5052566481138,3,poisson,iris,numeric
4,99.62894248608536,4,poisson,iris,numeric
5,99.62894248608536,5,poisson,iris,numeric
6,99.62894248608536,6,poisson,iris,numeric
7,99.69078540507113,7,poisson,iris,numeric
8,99.75262832405691,8,poisson,iris,numeric
9,99.75262832405691,9,poisson,iris,numeric
0,99.69078540507113,0,poissonbalanced,iris,numeric
1,99.75262832405691,1,poissonbalanced,iris,numeric
2,99.69078540507113,2,poissonbalanced,iris,numeric
3,99.62894248608536,3,poissonbalanced,iris,numeric
4,99.5052566481138,4,poissonbalanced,iris,numeric
5,99.5052566481138,5,poissonbalanced,iris,numeric
6,99.5052566481138,6,poissonbalanced,iris,numeric
7,99.75262832405691,7,poissonbalanced,iris,numeric
8,99.38157081014224,8,poissonbalanced,iris,numeric
9,99.5052566481138,9,poissonbalanced,iris,numeric
0,99.62894248608536,0,poissonvolume,iris,numeric
1,99.19604205318493,1,poissonvolume,iris,numeric
2,99.56709956709958,2,poissonvolume,iris,numeric
3,99.75262832405691,3,poissonvolume,iris,numeric
4,99.38157081014224,4,poissonvolume,iris,numeric
5,99.443413729128,5,poissonvolume,iris,numeric
6,99.75262832405691,6,poissonvolume,iris,numeric
7,99.56709956709958,7,poissonvolume,iris,numeric
8,99.5052566481138,8,poissonvolume,iris,numeric
9,99.75262832405691,9,poissonvolume,iris,numeric
0,99.62894248608536,0,poissonmbo,iris,numeric
1,99.81447124304268,1,poissonmbo,iris,numeric
2,99.81447124304268,2,poissonmbo,iris,numeric
3,99.69078540507113,3,poissonmbo,iris,numeric
4,99.81447124304268,4,poissonmbo,iris,numeric
5,99.75262832405691,5,poissonmbo,iris,numeric
6,99.81447124304268,6,poissonmbo,iris,numeric
7,99.87631416202845,7,poissonmbo,iris,numeric
8,99.443413729128,8,poissonmbo,iris,numeric
9,99.62894248608536,9,poissonmbo,iris,numeric
0,99.87631416202845,0,sparselabelpropagation,iris,numeric
1,99.81447124304268,1,sparselabelpropagation,iris,numeric
2,99.81447124304268,2,sparselabelpropagation,iris,numeric
3,99.75262832405691,3,sparselabelpropagation,iris,numeric
4,99.56709956709958,4,sparselabelpropagation,iris,numeric
5,99.81447124304268,5,sparselabelpropagation,iris,numeric
6,99.75262832405691,6,sparselabelpropagation,iris,numeric
7,99.75262832405691,7,sparselabelpropagation,iris,numeric
8,99.81447124304268,8,sparselabelpropagation,iris,numeric
9,99.443413729128,9,sparselabelpropagation,iris,numeric
0,99.75262832405691,0,centeredkernel,iris,numeric
1,99.62894248608536,1,centeredkernel,iris,numeric
2,99.69078540507113,2,centeredkernel,iris,numeric
3,99.75262832405691,3,centeredkernel,iris,numeric
4,99.69078540507113,4,centeredkernel,iris,numeric
5,99.69078540507113,5,centeredkernel,iris,numeric
6,99.81447124304268,6,centeredkernel,iris,numeric
7,99.93815708101424,7,centeredkernel,iris,numeric
8,99.75262832405691,8,centeredkernel,iris,numeric
9,99.69078540507113,9,centeredkernel,iris,numeric
0,55.1063829787234,0,laplace,german,numeric
1,60.0,1,laplace,german,numeric
2,58.29787234042554,2,laplace,german,numeric
3,56.38297872340426,3,laplace,german,numeric
4,58.72340425531914,4,laplace,german,numeric
5,63.40425531914894,5,laplace,german,numeric
6,59.14893617021277,6,laplace,german,numeric
7,57.872340425531924,7,laplace,german,numeric
8,60.42553191489362,8,laplace,german,numeric
9,58.72340425531914,9,laplace,german,numeric
0,59.14893617021277,0,randomwalk,german,numeric
1,56.80851063829788,1,randomwalk,german,numeric
2,62.97872340425533,2,randomwalk,german,numeric
3,60.21276595744681,3,randomwalk,german,numeric
4,60.0,4,randomwalk,german,numeric
5,58.72340425531914,5,randomwalk,german,numeric
6,61.06382978723404,6,randomwalk,german,numeric
7,57.872340425531924,7,randomwalk,german,numeric
8,58.93617021276596,8,randomwalk,german,numeric
9,59.78723404255321,9,randomwalk,german,numeric
0,58.29787234042554,0,wnll,german,numeric
1,58.29787234042554,1,wnll,german,numeric
2,57.872340425531924,2,wnll,german,numeric
3,62.127659574468076,3,wnll,german,numeric
4,59.78723404255321,4,wnll,german,numeric
5,57.872340425531924,5,wnll,german,numeric
6,57.02127659574467,6,wnll,german,numeric
7,57.02127659574467,7,wnll,german,numeric
8,59.57446808510638,8,wnll,german,numeric
9,60.0,9,wnll,german,numeric
0,61.06382978723404,0,mean_shifted_laplace,german,numeric
1,58.29787234042554,1,mean_shifted_laplace,german,numeric
2,57.6595744680851,2,mean_shifted_laplace,german,numeric
3,57.44680851063829,3,mean_shifted_laplace,german,numeric
4,62.55319148936171,4,mean_shifted_laplace,german,numeric
5,62.127659574468076,5,mean_shifted_laplace,german,numeric
6,55.319148936170215,6,mean_shifted_laplace,german,numeric
7,57.44680851063829,7,mean_shifted_laplace,german,numeric
8,59.78723404255321,8,mean_shifted_laplace,german,numeric
9,61.06382978723404,9,mean_shifted_laplace,german,numeric
0,61.914893617021285,0,poissonmbo_old,german,numeric
1,60.638297872340424,1,poissonmbo_old,german,numeric
2,60.638297872340424,2,poissonmbo_old,german,numeric
3,58.085106382978715,3,poissonmbo_old,german,numeric
4,60.638297872340424,4,poissonmbo_old,german,numeric
5,58.085106382978715,5,poissonmbo_old,german,numeric
6,58.93617021276596,6,poissonmbo_old,german,numeric
7,60.21276595744681,7,poissonmbo_old,german,numeric
8,61.70212765957447,8,poissonmbo_old,german,numeric
9,59.78723404255321,9,poissonmbo_old,german,numeric
0,56.80851063829788,0,poissonmbobalanced,german,numeric
1,56.170212765957444,1,poissonmbobalanced,german,numeric
2,58.93617021276596,2,poissonmbobalanced,german,numeric
3,61.06382978723404,3,poissonmbobalanced,german,numeric
4,59.78723404255321,4,poissonmbobalanced,german,numeric
5,55.319148936170215,5,poissonmbobalanced,german,numeric
6,59.78723404255321,6,poissonmbobalanced,german,numeric
7,56.59574468085106,7,poissonmbobalanced,german,numeric
8,58.72340425531914,8,poissonmbobalanced,german,numeric
9,64.04255319148936,9,poissonmbobalanced,german,numeric
0,62.76595744680851,0,poisson2,german,numeric
1,61.914893617021285,1,poisson2,german,numeric
2,64.46808510638297,2,poisson2,german,numeric
3,58.72340425531914,3,poisson2,german,numeric
4,52.55319148936171,4,poisson2,german,numeric
5,66.17021276595744,5,poisson2,german,numeric
6,60.0,6,poisson2,german,numeric
7,61.70212765957447,7,poisson2,german,numeric
8,46.80851063829788,8,poisson2,german,numeric
9,60.0,9,poisson2,german,numeric
0,61.06382978723404,0,poisson,german,numeric
1,61.914893617021285,1,poisson,german,numeric
2,61.914893617021285,2,poisson,german,numeric
3,59.57446808510638,3,poisson,german,numeric
4,60.21276595744681,4,poisson,german,numeric
5,62.3404255319149,5,poisson,german,numeric
6,58.93617021276596,6,poisson,german,numeric
7,60.21276595744681,7,poisson,german,numeric
8,55.1063829787234,8,poisson,german,numeric
9,62.55319148936171,9,poisson,german,numeric
0,62.127659574468076,0,poissonbalanced,german,numeric
1,61.914893617021285,1,poissonbalanced,german,numeric
2,62.55319148936171,2,poissonbalanced,german,numeric
3,60.21276595744681,3,poissonbalanced,german,numeric
4,57.6595744680851,4,poissonbalanced,german,numeric
5,62.76595744680851,5,poissonbalanced,german,numeric
6,62.127659574468076,6,poissonbalanced,german,numeric
7,61.70212765957447,7,poissonbalanced,german,numeric
8,61.48936170212766,8,poissonbalanced,german,numeric
9,61.48936170212766,9,poissonbalanced,german,numeric
0,57.44680851063829,0,poissonvolume,german,numeric
1,61.914893617021285,1,poissonvolume,german,numeric
2,62.97872340425533,2,poissonvolume,german,numeric
3,61.06382978723404,3,poissonvolume,german,numeric
4,59.361702127659576,4,poissonvolume,german,numeric
5,57.872340425531924,5,poissonvolume,german,numeric
6,62.55319148936171,6,poissonvolume,german,numeric
7,60.42553191489362,7,poissonvolume,german,numeric
8,60.638297872340424,8,poissonvolume,german,numeric
9,61.06382978723404,9,poissonvolume,german,numeric
0,55.319148936170215,0,poissonmbo,german,numeric
1,60.21276595744681,1,poissonmbo,german,numeric
2,60.638297872340424,2,poissonmbo,german,numeric
3,59.78723404255321,3,poissonmbo,german,numeric
4,57.6595744680851,4,poissonmbo,german,numeric
5,59.78723404255321,5,poissonmbo,german,numeric
6,58.29787234042554,6,poissonmbo,german,numeric
7,62.76595744680851,7,poissonmbo,german,numeric
8,59.57446808510638,8,poissonmbo,german,numeric
9,63.40425531914894,9,poissonmbo,german,numeric
0,62.76595744680851,0,sparselabelpropagation,german,numeric
1,55.95744680851064,1,sparselabelpropagation,german,numeric
2,61.914893617021285,2,sparselabelpropagation,german,numeric
3,57.44680851063829,3,sparselabelpropagation,german,numeric
4,62.3404255319149,4,sparselabelpropagation,german,numeric
5,58.29787234042554,5,sparselabelpropagation,german,numeric
6,54.8936170212766,6,sparselabelpropagation,german,numeric
7,60.21276595744681,7,sparselabelpropagation,german,numeric
8,54.04255319148936,8,sparselabelpropagation,german,numeric
9,60.85106382978724,9,sparselabelpropagation,german,numeric
0,53.61702127659574,0,centeredkernel,german,numeric
1,59.14893617021277,1,centeredkernel,german,numeric
2,61.70212765957447,2,centeredkernel,german,numeric
3,61.70212765957447,3,centeredkernel,german,numeric
4,57.23404255319149,4,centeredkernel,german,numeric
5,60.638297872340424,5,centeredkernel,german,numeric
6,56.80851063829788,6,centeredkernel,german,numeric
7,54.04255319148936,7,centeredkernel,german,numeric
8,61.914893617021285,8,centeredkernel,german,numeric
9,60.0,9,centeredkernel,german,numeric
0,99.93815708101424,0,laplace,wine,numeric
1,99.81447124304268,1,laplace,wine,numeric
2,99.81447124304268,2,laplace,wine,numeric
3,99.75262832405691,3,laplace,wine,numeric
4,99.75262832405691,4,laplace,wine,numeric
5,99.87631416202845,5,laplace,wine,numeric
6,99.81447124304268,6,laplace,wine,numeric
7,99.81447124304268,7,laplace,wine,numeric
8,99.87631416202845,8,laplace,wine,numeric
9,99.81447124304268,9,laplace,wine,numeric
0,99.38157081014224,0,randomwalk,wine,numeric
1,99.75262832405691,1,randomwalk,wine,numeric
2,99.56709956709958,2,randomwalk,wine,numeric
3,99.5052566481138,3,randomwalk,wine,numeric
4,99.443413729128,4,randomwalk,wine,numeric
5,99.62894248608536,5,randomwalk,wine,numeric
6,99.5052566481138,6,randomwalk,wine,numeric
7,99.5052566481138,7,randomwalk,wine,numeric
8,99.5052566481138,8,randomwalk,wine,numeric
9,99.56709956709958,9,randomwalk,wine,numeric
0,99.87631416202845,0,wnll,wine,numeric
1,99.81447124304268,1,wnll,wine,numeric
2,99.62894248608536,2,wnll,wine,numeric
3,99.81447124304268,3,wnll,wine,numeric
4,99.87631416202845,4,wnll,wine,numeric
5,99.87631416202845,5,wnll,wine,numeric
6,99.87631416202845,6,wnll,wine,numeric
7,99.81447124304268,7,wnll,wine,numeric
8,99.87631416202845,8,wnll,wine,numeric
9,99.69078540507113,9,wnll,wine,numeric
0,99.87631416202845,0,mean_shifted_laplace,wine,numeric
1,99.87631416202845,1,mean_shifted_laplace,wine,numeric
2,99.69078540507113,2,mean_shifted_laplace,wine,numeric
3,99.75262832405691,3,mean_shifted_laplace,wine,numeric
4,99.93815708101424,4,mean_shifted_laplace,wine,numeric
5,99.75262832405691,5,mean_shifted_laplace,wine,numeric
6,99.87631416202845,6,mean_shifted_laplace,wine,numeric
7,99.75262832405691,7,mean_shifted_laplace,wine,numeric
8,100.0,8,mean_shifted_laplace,wine,numeric
9,99.69078540507113,9,mean_shifted_laplace,wine,numeric
0,99.87631416202845,0,poissonmbo_old,wine,numeric
1,99.69078540507113,1,poissonmbo_old,wine,numeric
2,99.69078540507113,2,poissonmbo_old,wine,numeric
3,99.62894248608536,3,poissonmbo_old,wine,numeric
4,99.87631416202845,4,poissonmbo_old,wine,numeric
5,99.69078540507113,5,poissonmbo_old,wine,numeric
6,99.75262832405691,6,poissonmbo_old,wine,numeric
7,99.75262832405691,7,poissonmbo_old,wine,numeric
8,99.56709956709958,8,poissonmbo_old,wine,numeric
9,99.56709956709958,9,poissonmbo_old,wine,numeric
0,99.69078540507113,0,poissonmbobalanced,wine,numeric
1,99.75262832405691,1,poissonmbobalanced,wine,numeric
2,99.69078540507113,2,poissonmbobalanced,wine,numeric
3,99.93815708101424,3,poissonmbobalanced,wine,numeric
4,99.75262832405691,4,poissonmbobalanced,wine,numeric
5,99.5052566481138,5,poissonmbobalanced,wine,numeric
6,99.69078540507113,6,poissonmbobalanced,wine,numeric
7,99.69078540507113,7,poissonmbobalanced,wine,numeric
8,99.93815708101424,8,poissonmbobalanced,wine,numeric
9,99.56709956709958,9,poissonmbobalanced,wine,numeric
0,99.443413729128,0,poisson2,wine,numeric
1,99.38157081014224,1,poisson2,wine,numeric
2,99.38157081014224,2,poisson2,wine,numeric
3,99.5052566481138,3,poisson2,wine,numeric
4,99.56709956709958,4,poisson2,wine,numeric
5,99.38157081014224,5,poisson2,wine,numeric
6,99.38157081014224,6,poisson2,wine,numeric
7,99.38157081014224,7,poisson2,wine,numeric
8,99.5052566481138,8,poisson2,wine,numeric
9,99.5052566481138,9,poisson2,wine,numeric
0,99.443413729128,0,poisson,wine,numeric
1,99.87631416202845,1,poisson,wine,numeric
2,99.69078540507113,2,poisson,wine,numeric
3,99.56709956709958,3,poisson,wine,numeric
4,99.81447124304268,4,poisson,wine,numeric
5,99.56709956709958,5,poisson,wine,numeric
6,99.62894248608536,6,poisson,wine,numeric
7,99.69078540507113,7,poisson,wine,numeric
8,99.62894248608536,8,poisson,wine,numeric
9,99.81447124304268,9,poisson,wine,numeric
0,99.56709956709958,0,poissonbalanced,wine,numeric
1,99.81447124304268,1,poissonbalanced,wine,numeric
2,99.443413729128,2,poissonbalanced,wine,numeric
3,99.69078540507113,3,poissonbalanced,wine,numeric
4,99.5052566481138,4,poissonbalanced,wine,numeric
5,99.69078540507113,5,poissonbalanced,wine,numeric
6,99.56709956709958,6,poissonbalanced,wine,numeric
7,99.69078540507113,7,poissonbalanced,wine,numeric
8,99.56709956709958,8,poissonbalanced,wine,numeric
9,99.69078540507113,9,poissonbalanced,wine,numeric
0,99.38157081014224,0,poissonvolume,wine,numeric
1,99.75262832405691,1,poissonvolume,wine,numeric
2,99.56709956709958,2,poissonvolume,wine,numeric
3,99.69078540507113,3,poissonvolume,wine,numeric
4,99.56709956709958,4,poissonvolume,wine,numeric
5,99.56709956709958,5,poissonvolume,wine,numeric
6,99.75262832405691,6,poissonvolume,wine,numeric
7,99.87631416202845,7,poissonvolume,wine,numeric
8,99.62894248608536,8,poissonvolume,wine,numeric
9,99.75262832405691,9,poissonvolume,wine,numeric
0,99.81447124304268,0,poissonmbo,wine,numeric
1,99.69078540507113,1,poissonmbo,wine,numeric
2,99.62894248608536,2,poissonmbo,wine,numeric
3,99.81447124304268,3,poissonmbo,wine,numeric
4,99.81447124304268,4,poissonmbo,wine,numeric
5,99.62894248608536,5,poissonmbo,wine,numeric
6,99.81447124304268,6,poissonmbo,wine,numeric
7,99.69078540507113,7,poissonmbo,wine,numeric
8,99.56709956709958,8,poissonmbo,wine,numeric
9,99.62894248608536,9,poissonmbo,wine,numeric
0,99.69078540507113,0,sparselabelpropagation,wine,numeric
1,99.69078540507113,1,sparselabelpropagation,wine,numeric
2,99.81447124304268,2,sparselabelpropagation,wine,numeric
3,99.87631416202845,3,sparselabelpropagation,wine,numeric
4,99.75262832405691,4,sparselabelpropagation,wine,numeric
5,99.75262832405691,5,sparselabelpropagation,wine,numeric
6,99.69078540507113,6,sparselabelpropagation,wine,numeric
7,99.69078540507113,7,sparselabelpropagation,wine,numeric
8,99.56709956709958,8,sparselabelpropagation,wine,numeric
9,99.69078540507113,9,sparselabelpropagation,wine,numeric
0,99.56709956709958,0,centeredkernel,wine,numeric
1,99.62894248608536,1,centeredkernel,wine,numeric
2,99.69078540507113,2,centeredkernel,wine,numeric
3,99.69078540507113,3,centeredkernel,wine,numeric
4,99.75262832405691,4,centeredkernel,wine,numeric
5,99.81447124304268,5,centeredkernel,wine,numeric
6,99.81447124304268,6,centeredkernel,wine,numeric
7,99.75262832405691,7,centeredkernel,wine,numeric
8,99.62894248608536,8,centeredkernel,wine,numeric
9,99.87631416202845,9,centeredkernel,wine,numeric
0,73.83177570093459,0,laplace,musk,image
1,82.00934579439253,1,laplace,musk,image
2,83.41121495327103,2,laplace,musk,image
3,76.16822429906541,3,laplace,musk,image
4,80.84112149532709,4,laplace,musk,image
5,79.2056074766355,5,laplace,musk,image
6,80.37383177570094,6,laplace,musk,image
7,80.37383177570094,7,laplace,musk,image
8,79.67289719626169,8,laplace,musk,image
9,84.11214953271029,9,laplace,musk,image
0,72.42990654205606,0,randomwalk,musk,image
1,76.86915887850469,1,randomwalk,musk,image
2,79.67289719626169,2,randomwalk,musk,image
3,73.3644859813084,3,randomwalk,musk,image
4,85.51401869158879,4,randomwalk,musk,image
5,69.62616822429906,5,randomwalk,musk,image
6,73.13084112149531,6,randomwalk,musk,image
7,79.43925233644859,7,randomwalk,musk,image
8,74.06542056074767,8,randomwalk,musk,image
9,80.84112149532709,9,randomwalk,musk,image
0,78.73831775700934,0,wnll,musk,image
1,80.84112149532709,1,wnll,musk,image
2,81.54205607476634,2,wnll,musk,image
3,82.00934579439253,3,wnll,musk,image
4,80.37383177570094,4,wnll,musk,image
5,85.98130841121497,5,wnll,musk,image
6,83.17757009345793,6,wnll,musk,image
7,78.27102803738319,7,wnll,musk,image
8,81.77570093457943,8,wnll,musk,image
9,82.00934579439253,9,wnll,musk,image
0,78.50467289719626,0,mean_shifted_laplace,musk,image
1,82.47663551401871,1,mean_shifted_laplace,musk,image
2,82.24299065420561,2,mean_shifted_laplace,musk,image
3,81.77570093457943,3,mean_shifted_laplace,musk,image
4,78.97196261682242,4,mean_shifted_laplace,musk,image
5,82.24299065420561,5,mean_shifted_laplace,musk,image
6,84.57943925233644,6,mean_shifted_laplace,musk,image
7,80.37383177570094,7,mean_shifted_laplace,musk,image
8,80.84112149532709,8,mean_shifted_laplace,musk,image
9,82.24299065420561,9,mean_shifted_laplace,musk,image
0,75.46728971962617,0,poissonmbo_old,musk,image
1,80.60747663551402,1,poissonmbo_old,musk,image
2,79.67289719626169,2,poissonmbo_old,musk,image
3,84.34579439252336,3,poissonmbo_old,musk,image
4,79.90654205607476,4,poissonmbo_old,musk,image
5,76.86915887850469,5,poissonmbo_old,musk,image
6,79.43925233644859,6,poissonmbo_old,musk,image
7,82.71028037383178,7,poissonmbo_old,musk,image
8,81.07476635514018,8,poissonmbo_old,musk,image
9,76.86915887850469,9,poissonmbo_old,musk,image
0,78.73831775700934,0,poissonmbobalanced,musk,image
1,78.03738317757009,1,poissonmbobalanced,musk,image
2,81.30841121495327,2,poissonmbobalanced,musk,image
3,80.37383177570094,3,poissonmbobalanced,musk,image
4,83.64485981308411,4,poissonmbobalanced,musk,image
5,82.94392523364486,5,poissonmbobalanced,musk,image
6,78.97196261682242,6,poissonmbobalanced,musk,image
7,79.43925233644859,7,poissonmbobalanced,musk,image
8,79.2056074766355,8,poissonmbobalanced,musk,image
9,80.14018691588784,9,poissonmbobalanced,musk,image
0,54.439252336448604,0,poisson2,musk,image
1,55.8411214953271,1,poisson2,musk,image
2,56.30841121495328,2,poisson2,musk,image
3,61.214953271028044,3,poisson2,musk,image
4,52.80373831775701,4,poisson2,musk,image
5,55.14018691588785,5,poisson2,musk,image
6,64.95327102803739,6,poisson2,musk,image
7,61.91588785046729,7,poisson2,musk,image
8,64.01869158878505,8,poisson2,musk,image
9,63.55140186915888,9,poisson2,musk,image
0,74.76635514018692,0,poisson,musk,image
1,73.59813084112149,1,poisson,musk,image
2,77.10280373831776,2,poisson,musk,image
3,70.7943925233645,3,poisson,musk,image
4,68.69158878504673,4,poisson,musk,image
5,74.29906542056075,5,poisson,musk,image
6,80.84112149532709,6,poisson,musk,image
7,72.42990654205606,7,poisson,musk,image
8,76.6355140186916,8,poisson,musk,image
9,69.62616822429906,9,poisson,musk,image
0,75.70093457943925,0,poissonbalanced,musk,image
1,69.62616822429906,1,poissonbalanced,musk,image
2,73.59813084112149,2,poissonbalanced,musk,image
3,77.33644859813084,3,poissonbalanced,musk,image
4,73.3644859813084,4,poissonbalanced,musk,image
5,73.3644859813084,5,poissonbalanced,musk,image
6,76.16822429906541,6,poissonbalanced,musk,image
7,68.22429906542057,7,poissonbalanced,musk,image
8,74.06542056074767,8,poissonbalanced,musk,image
9,74.76635514018692,9,poissonbalanced,musk,image
0,68.45794392523365,0,poissonvolume,musk,image
1,71.96261682242991,1,poissonvolume,musk,image
2,64.01869158878505,2,poissonvolume,musk,image
3,68.92523364485982,3,poissonvolume,musk,image
4,73.3644859813084,4,poissonvolume,musk,image
5,71.72897196261681,5,poissonvolume,musk,image
6,77.80373831775701,6,poissonvolume,musk,image
7,75.46728971962617,7,poissonvolume,musk,image
8,72.19626168224299,8,poissonvolume,musk,image
9,69.85981308411215,9,poissonvolume,musk,image
0,79.43925233644859,0,poissonmbo,musk,image
1,79.2056074766355,1,poissonmbo,musk,image
2,76.40186915887851,2,poissonmbo,musk,image
3,78.97196261682242,3,poissonmbo,musk,image
4,80.84112149532709,4,poissonmbo,musk,image
5,76.6355140186916,5,poissonmbo,musk,image
6,79.2056074766355,6,poissonmbo,musk,image
7,78.27102803738319,7,poissonmbo,musk,image
8,78.97196261682242,8,poissonmbo,musk,image
9,79.43925233644859,9,poissonmbo,musk,image
0,69.85981308411215,0,sparselabelpropagation,musk,image
1,77.33644859813084,1,sparselabelpropagation,musk,image
2,75.23364485981308,2,sparselabelpropagation,musk,image
3,75.23364485981308,3,sparselabelpropagation,musk,image
4,76.16822429906541,4,sparselabelpropagation,musk,image
5,79.90654205607476,5,sparselabelpropagation,musk,image
6,76.40186915887851,6,sparselabelpropagation,musk,image
7,78.03738317757009,7,sparselabelpropagation,musk,image
8,79.2056074766355,8,sparselabelpropagation,musk,image
9,77.33644859813084,9,sparselabelpropagation,musk,image
0,80.60747663551402,0,centeredkernel,musk,image
1,80.84112149532709,1,centeredkernel,musk,image
2,82.47663551401871,2,centeredkernel,musk,image
3,77.80373831775701,3,centeredkernel,musk,image
4,78.97196261682242,4,centeredkernel,musk,image
5,80.84112149532709,5,centeredkernel,musk,image
6,84.11214953271029,6,centeredkernel,musk,image
7,80.14018691588784,7,centeredkernel,musk,image
8,75.93457943925233,8,centeredkernel,musk,image
9,79.67289719626169,9,centeredkernel,musk,image
0,99.93815708101424,0,laplace,digits,image
1,99.87631416202845,1,laplace,digits,image
2,83.98268398268398,2,laplace,digits,image
3,99.69078540507113,3,laplace,digits,image
4,99.81447124304268,4,laplace,digits,image
5,99.87631416202845,5,laplace,digits,image
6,99.75262832405691,6,laplace,digits,image
7,99.69078540507113,7,laplace,digits,image
8,99.87631416202845,8,laplace,digits,image
9,99.75262832405691,9,laplace,digits,image
0,99.81447124304268,0,randomwalk,digits,image
1,99.62894248608536,1,randomwalk,digits,image
2,99.56709956709958,2,randomwalk,digits,image
3,99.5052566481138,3,randomwalk,digits,image
4,99.75262832405691,4,randomwalk,digits,image
5,99.69078540507113,5,randomwalk,digits,image
6,99.75262832405691,6,randomwalk,digits,image
7,99.38157081014224,7,randomwalk,digits,image
8,99.5052566481138,8,randomwalk,digits,image
9,99.81447124304268,9,randomwalk,digits,image
0,99.87631416202845,0,wnll,digits,image
1,99.87631416202845,1,wnll,digits,image
2,99.75262832405691,2,wnll,digits,image
3,99.81447124304268,3,wnll,digits,image
4,99.81447124304268,4,wnll,digits,image
5,99.93815708101424,5,wnll,digits,image
6,99.81447124304268,6,wnll,digits,image
7,99.87631416202845,7,wnll,digits,image
8,99.75262832405691,8,wnll,digits,image
9,99.93815708101424,9,wnll,digits,image
0,99.81447124304268,0,mean_shifted_laplace,digits,image
1,99.81447124304268,1,mean_shifted_laplace,digits,image
2,100.0,2,mean_shifted_laplace,digits,image
3,99.81447124304268,3,mean_shifted_laplace,digits,image
4,99.87631416202845,4,mean_shifted_laplace,digits,image
5,99.81447124304268,5,mean_shifted_laplace,digits,image
6,99.69078540507113,6,mean_shifted_laplace,digits,image
7,99.87631416202845,7,mean_shifted_laplace,digits,image
8,99.87631416202845,8,mean_shifted_laplace,digits,image
9,83.61162646876933,9,mean_shifted_laplace,digits,image
0,99.62894248608536,0,poissonmbo_old,digits,image
1,99.81447124304268,1,poissonmbo_old,digits,image
2,99.56709956709958,2,poissonmbo_old,digits,image
3,99.75262832405691,3,poissonmbo_old,digits,image
4,99.75262832405691,4,poissonmbo_old,digits,image
5,99.69078540507113,5,poissonmbo_old,digits,image
6,99.75262832405691,6,poissonmbo_old,digits,image
7,99.75262832405691,7,poissonmbo_old,digits,image
8,99.5052566481138,8,poissonmbo_old,digits,image
9,99.81447124304268,9,poissonmbo_old,digits,image
0,99.81447124304268,0,poissonmbobalanced,digits,image
1,99.75262832405691,1,poissonmbobalanced,digits,image
2,99.62894248608536,2,poissonmbobalanced,digits,image
3,99.69078540507113,3,poissonmbobalanced,digits,image
4,99.75262832405691,4,poissonmbobalanced,digits,image
5,99.56709956709958,5,poissonmbobalanced,digits,image
6,99.93815708101424,6,poissonmbobalanced,digits,image
7,99.75262832405691,7,poissonmbobalanced,digits,image
8,99.81447124304268,8,poissonmbobalanced,digits,image
9,99.75262832405691,9,poissonmbobalanced,digits,image
0,99.19604205318493,0,poisson2,digits,image
1,99.56709956709958,1,poisson2,digits,image
2,99.2578849721707,2,poisson2,digits,image
3,99.62894248608536,3,poisson2,digits,image
4,99.38157081014224,4,poisson2,digits,image
5,99.56709956709958,5,poisson2,digits,image
6,99.13419913419914,6,poisson2,digits,image
7,99.5052566481138,7,poisson2,digits,image
8,99.07235621521336,8,poisson2,digits,image
9,99.2578849721707,9,poisson2,digits,image
0,99.69078540507113,0,poisson,digits,image
1,99.62894248608536,1,poisson,digits,image
2,99.62894248608536,2,poisson,digits,image
3,99.62894248608536,3,poisson,digits,image
4,99.5052566481138,4,poisson,digits,image
5,99.62894248608536,5,poisson,digits,image
6,99.62894248608536,6,poisson,digits,image
7,99.56709956709958,7,poisson,digits,image
8,99.38157081014224,8,poisson,digits,image
9,99.62894248608536,9,poisson,digits,image
0,99.62894248608536,0,poissonbalanced,digits,image
1,99.81447124304268,1,poissonbalanced,digits,image
2,99.62894248608536,2,poissonbalanced,digits,image
3,99.56709956709958,3,poissonbalanced,digits,image
4,99.69078540507113,4,poissonbalanced,digits,image
5,99.62894248608536,5,poissonbalanced,digits,image
6,99.2578849721707,6,poissonbalanced,digits,image
7,99.62894248608536,7,poissonbalanced,digits,image
8,99.62894248608536,8,poissonbalanced,digits,image
9,99.69078540507113,9,poissonbalanced,digits,image
0,99.62894248608536,0,poissonvolume,digits,image
1,99.56709956709958,1,poissonvolume,digits,image
2,99.5052566481138,2,poissonvolume,digits,image
3,99.5052566481138,3,poissonvolume,digits,image
4,99.62894248608536,4,poissonvolume,digits,image
5,99.5052566481138,5,poissonvolume,digits,image
6,99.62894248608536,6,poissonvolume,digits,image
7,99.69078540507113,7,poissonvolume,digits,image
8,99.38157081014224,8,poissonvolume,digits,image
9,99.5052566481138,9,poissonvolume,digits,image
0,99.75262832405691,0,poissonmbo,digits,image
1,99.5052566481138,1,poissonmbo,digits,image
2,99.81447124304268,2,poissonmbo,digits,image
3,99.75262832405691,3,poissonmbo,digits,image
4,99.69078540507113,4,poissonmbo,digits,image
5,99.81447124304268,5,poissonmbo,digits,image
6,99.62894248608536,6,poissonmbo,digits,image
7,99.81447124304268,7,poissonmbo,digits,image
8,99.75262832405691,8,poissonmbo,digits,image
9,99.69078540507113,9,poissonmbo,digits,image
0,99.69078540507113,0,sparselabelpropagation,digits,image
1,99.69078540507113,1,sparselabelpropagation,digits,image
2,99.62894248608536,2,sparselabelpropagation,digits,image
3,99.5052566481138,3,sparselabelpropagation,digits,image
4,99.87631416202845,4,sparselabelpropagation,digits,image
5,99.75262832405691,5,sparselabelpropagation,digits,image
6,99.75262832405691,6,sparselabelpropagation,digits,image
7,99.69078540507113,7,sparselabelpropagation,digits,image
8,99.75262832405691,8,sparselabelpropagation,digits,image
9,99.62894248608536,9,sparselabelpropagation,digits,image
0,99.93815708101424,0,centeredkernel,digits,image
1,99.87631416202845,1,centeredkernel,digits,image
2,99.69078540507113,2,centeredkernel,digits,image
3,99.75262832405691,3,centeredkernel,digits,image
4,99.62894248608536,4,centeredkernel,digits,image
5,99.81447124304268,5,centeredkernel,digits,image
6,99.69078540507113,6,centeredkernel,digits,image
7,99.62894248608536,7,centeredkernel,digits,image
8,99.69078540507113,8,centeredkernel,digits,image
9,99.69078540507113,9,centeredkernel,digits,image
0,100.0,0,laplace,fashionmnist,image
1,100.0,1,laplace,fashionmnist,image
2,100.0,2,laplace,fashionmnist,image
3,100.0,3,laplace,fashionmnist,image
4,100.0,4,laplace,fashionmnist,image
5,100.0,5,laplace,fashionmnist,image
6,100.0,6,laplace,fashionmnist,image
7,100.0,7,laplace,fashionmnist,image
8,100.0,8,laplace,fashionmnist,image
9,100.0,9,laplace,fashionmnist,image
0,100.0,0,randomwalk,fashionmnist,image
1,100.0,1,randomwalk,fashionmnist,image
2,100.0,2,randomwalk,fashionmnist,image
3,100.0,3,randomwalk,fashionmnist,image
4,100.0,4,randomwalk,fashionmnist,image
5,100.0,5,randomwalk,fashionmnist,image
6,100.0,6,randomwalk,fashionmnist,image
7,100.0,7,randomwalk,fashionmnist,image
8,100.0,8,randomwalk,fashionmnist,image
9,100.0,9,randomwalk,fashionmnist,image
0,100.0,0,wnll,fashionmnist,image
1,100.0,1,wnll,fashionmnist,image
2,100.0,2,wnll,fashionmnist,image
3,100.0,3,wnll,fashionmnist,image
4,100.0,4,wnll,fashionmnist,image
5,100.0,5,wnll,fashionmnist,image
6,100.0,6,wnll,fashionmnist,image
7,100.0,7,wnll,fashionmnist,image
8,100.0,8,wnll,fashionmnist,image
9,100.0,9,wnll,fashionmnist,image
0,100.0,0,mean_shifted_laplace,fashionmnist,image
1,100.0,1,mean_shifted_laplace,fashionmnist,image
2,100.0,2,mean_shifted_laplace,fashionmnist,image
3,100.0,3,mean_shifted_laplace,fashionmnist,image
4,100.0,4,mean_shifted_laplace,fashionmnist,image
5,100.0,5,mean_shifted_laplace,fashionmnist,image
6,100.0,6,mean_shifted_laplace,fashionmnist,image
7,100.0,7,mean_shifted_laplace,fashionmnist,image
8,100.0,8,mean_shifted_laplace,fashionmnist,image
9,100.0,9,mean_shifted_laplace,fashionmnist,image
0,100.0,0,poissonmbo_old,fashionmnist,image
1,100.0,1,poissonmbo_old,fashionmnist,image
2,100.0,2,poissonmbo_old,fashionmnist,image
3,100.0,3,poissonmbo_old,fashionmnist,image
4,100.0,4,poissonmbo_old,fashionmnist,image
5,100.0,5,poissonmbo_old,fashionmnist,image
6,100.0,6,poissonmbo_old,fashionmnist,image
7,100.0,7,poissonmbo_old,fashionmnist,image
8,100.0,8,poissonmbo_old,fashionmnist,image
9,100.0,9,poissonmbo_old,fashionmnist,image
0,100.0,0,poissonmbobalanced,fashionmnist,image
1,100.0,1,poissonmbobalanced,fashionmnist,image
2,100.0,2,poissonmbobalanced,fashionmnist,image
3,100.0,3,poissonmbobalanced,fashionmnist,image
4,100.0,4,poissonmbobalanced,fashionmnist,image
5,100.0,5,poissonmbobalanced,fashionmnist,image
6,100.0,6,poissonmbobalanced,fashionmnist,image
7,100.0,7,poissonmbobalanced,fashionmnist,image
8,100.0,8,poissonmbobalanced,fashionmnist,image
9,100.0,9,poissonmbobalanced,fashionmnist,image
0,100.0,0,poisson2,fashionmnist,image
1,100.0,1,poisson2,fashionmnist,image
2,100.0,2,poisson2,fashionmnist,image
3,100.0,3,poisson2,fashionmnist,image
4,100.0,4,poisson2,fashionmnist,image
5,100.0,5,poisson2,fashionmnist,image
6,100.0,6,poisson2,fashionmnist,image
7,100.0,7,poisson2,fashionmnist,image
8,100.0,8,poisson2,fashionmnist,image
9,100.0,9,poisson2,fashionmnist,image
0,100.0,0,poisson,fashionmnist,image
1,100.0,1,poisson,fashionmnist,image
2,100.0,2,poisson,fashionmnist,image
3,100.0,3,poisson,fashionmnist,image
4,100.0,4,poisson,fashionmnist,image
5,100.0,5,poisson,fashionmnist,image
6,100.0,6,poisson,fashionmnist,image
7,100.0,7,poisson,fashionmnist,image
8,100.0,8,poisson,fashionmnist,image
9,100.0,9,poisson,fashionmnist,image
0,100.0,0,poissonbalanced,fashionmnist,image
1,100.0,1,poissonbalanced,fashionmnist,image
2,100.0,2,poissonbalanced,fashionmnist,image
3,100.0,3,poissonbalanced,fashionmnist,image
4,100.0,4,poissonbalanced,fashionmnist,image
5,100.0,5,poissonbalanced,fashionmnist,image
6,100.0,6,poissonbalanced,fashionmnist,image
7,100.0,7,poissonbalanced,fashionmnist,image
8,100.0,8,poissonbalanced,fashionmnist,image
9,100.0,9,poissonbalanced,fashionmnist,image
0,100.0,0,poissonvolume,fashionmnist,image
1,100.0,1,poissonvolume,fashionmnist,image
2,100.0,2,poissonvolume,fashionmnist,image
3,100.0,3,poissonvolume,fashionmnist,image
4,100.0,4,poissonvolume,fashionmnist,image
5,100.0,5,poissonvolume,fashionmnist,image
6,100.0,6,poissonvolume,fashionmnist,image
7,100.0,7,poissonvolume,fashionmnist,image
8,100.0,8,poissonvolume,fashionmnist,image
9,100.0,9,poissonvolume,fashionmnist,image
0,100.0,0,poissonmbo,fashionmnist,image
1,100.0,1,poissonmbo,fashionmnist,image
2,100.0,2,poissonmbo,fashionmnist,image
3,100.0,3,poissonmbo,fashionmnist,image
4,100.0,4,poissonmbo,fashionmnist,image
5,100.0,5,poissonmbo,fashionmnist,image
6,100.0,6,poissonmbo,fashionmnist,image
7,100.0,7,poissonmbo,fashionmnist,image
8,100.0,8,poissonmbo,fashionmnist,image
9,100.0,9,poissonmbo,fashionmnist,image
0,100.0,0,sparselabelpropagation,fashionmnist,image
1,100.0,1,sparselabelpropagation,fashionmnist,image
2,100.0,2,sparselabelpropagation,fashionmnist,image
3,100.0,3,sparselabelpropagation,fashionmnist,image
4,100.0,4,sparselabelpropagation,fashionmnist,image
5,100.0,5,sparselabelpropagation,fashionmnist,image
6,100.0,6,sparselabelpropagation,fashionmnist,image
7,100.0,7,sparselabelpropagation,fashionmnist,image
8,100.0,8,sparselabelpropagation,fashionmnist,image
9,100.0,9,sparselabelpropagation,fashionmnist,image
0,100.0,0,centeredkernel,fashionmnist,image
1,100.0,1,centeredkernel,fashionmnist,image
2,100.0,2,centeredkernel,fashionmnist,image
3,100.0,3,centeredkernel,fashionmnist,image
4,100.0,4,centeredkernel,fashionmnist,image
5,100.0,5,centeredkernel,fashionmnist,image
6,100.0,6,centeredkernel,fashionmnist,image
7,100.0,7,centeredkernel,fashionmnist,image
8,100.0,8,centeredkernel,fashionmnist,image
9,100.0,9,centeredkernel,fashionmnist,image
0,100.0,0,laplace,cifar,image
1,100.0,1,laplace,cifar,image
2,100.0,2,laplace,cifar,image
3,100.0,3,laplace,cifar,image
4,100.0,4,laplace,cifar,image
5,100.0,5,laplace,cifar,image
6,100.0,6,laplace,cifar,image
7,100.0,7,laplace,cifar,image
8,100.0,8,laplace,cifar,image
9,100.0,9,laplace,cifar,image
0,100.0,0,randomwalk,cifar,image
1,100.0,1,randomwalk,cifar,image
2,100.0,2,randomwalk,cifar,image
3,100.0,3,randomwalk,cifar,image
4,100.0,4,randomwalk,cifar,image
5,100.0,5,randomwalk,cifar,image
6,100.0,6,randomwalk,cifar,image
7,100.0,7,randomwalk,cifar,image
8,100.0,8,randomwalk,cifar,image
9,100.0,9,randomwalk,cifar,image
0,100.0,0,wnll,cifar,image
1,100.0,1,wnll,cifar,image
2,100.0,2,wnll,cifar,image
3,100.0,3,wnll,cifar,image
4,100.0,4,wnll,cifar,image
5,100.0,5,wnll,cifar,image
6,100.0,6,wnll,cifar,image
7,100.0,7,wnll,cifar,image
8,100.0,8,wnll,cifar,image
9,100.0,9,wnll,cifar,image
0,100.0,0,mean_shifted_laplace,cifar,image
1,100.0,1,mean_shifted_laplace,cifar,image
2,100.0,2,mean_shifted_laplace,cifar,image
3,100.0,3,mean_shifted_laplace,cifar,image
4,100.0,4,mean_shifted_laplace,cifar,image
5,100.0,5,mean_shifted_laplace,cifar,image
6,100.0,6,mean_shifted_laplace,cifar,image
7,100.0,7,mean_shifted_laplace,cifar,image
8,100.0,8,mean_shifted_laplace,cifar,image
9,100.0,9,mean_shifted_laplace,cifar,image
0,100.0,0,poissonmbo_old,cifar,image
1,100.0,1,poissonmbo_old,cifar,image
2,100.0,2,poissonmbo_old,cifar,image
3,100.0,3,poissonmbo_old,cifar,image
4,100.0,4,poissonmbo_old,cifar,image
5,100.0,5,poissonmbo_old,cifar,image
6,100.0,6,poissonmbo_old,cifar,image
7,100.0,7,poissonmbo_old,cifar,image
8,100.0,8,poissonmbo_old,cifar,image
9,100.0,9,poissonmbo_old,cifar,image
0,100.0,0,poissonmbobalanced,cifar,image
1,100.0,1,poissonmbobalanced,cifar,image
2,100.0,2,poissonmbobalanced,cifar,image
3,100.0,3,poissonmbobalanced,cifar,image
4,100.0,4,poissonmbobalanced,cifar,image
5,100.0,5,poissonmbobalanced,cifar,image
6,100.0,6,poissonmbobalanced,cifar,image
7,100.0,7,poissonmbobalanced,cifar,image
8,100.0,8,poissonmbobalanced,cifar,image
9,100.0,9,poissonmbobalanced,cifar,image
0,100.0,0,poisson2,cifar,image
1,100.0,1,poisson2,cifar,image
2,100.0,2,poisson2,cifar,image
3,100.0,3,poisson2,cifar,image
4,100.0,4,poisson2,cifar,image
5,100.0,5,poisson2,cifar,image
6,100.0,6,poisson2,cifar,image
7,100.0,7,poisson2,cifar,image
8,100.0,8,poisson2,cifar,image
9,100.0,9,poisson2,cifar,image
0,100.0,0,poisson,cifar,image
1,100.0,1,poisson,cifar,image
2,100.0,2,poisson,cifar,image
3,100.0,3,poisson,cifar,image
4,100.0,4,poisson,cifar,image
5,100.0,5,poisson,cifar,image
6,100.0,6,poisson,cifar,image
7,100.0,7,poisson,cifar,image
8,100.0,8,poisson,cifar,image
9,100.0,9,poisson,cifar,image
0,100.0,0,poissonbalanced,cifar,image
1,100.0,1,poissonbalanced,cifar,image
2,100.0,2,poissonbalanced,cifar,image
3,100.0,3,poissonbalanced,cifar,image
4,100.0,4,poissonbalanced,cifar,image
5,100.0,5,poissonbalanced,cifar,image
6,100.0,6,poissonbalanced,cifar,image
7,100.0,7,poissonbalanced,cifar,image
8,100.0,8,poissonbalanced,cifar,image
9,100.0,9,poissonbalanced,cifar,image
0,100.0,0,poissonvolume,cifar,image
1,100.0,1,poissonvolume,cifar,image
2,100.0,2,poissonvolume,cifar,image
3,100.0,3,poissonvolume,cifar,image
4,100.0,4,poissonvolume,cifar,image
5,100.0,5,poissonvolume,cifar,image
6,100.0,6,poissonvolume,cifar,image
7,100.0,7,poissonvolume,cifar,image
8,100.0,8,poissonvolume,cifar,image
9,100.0,9,poissonvolume,cifar,image
0,100.0,0,poissonmbo,cifar,image
1,100.0,1,poissonmbo,cifar,image
2,100.0,2,poissonmbo,cifar,image
3,100.0,3,poissonmbo,cifar,image
4,100.0,4,poissonmbo,cifar,image
5,100.0,5,poissonmbo,cifar,image
6,100.0,6,poissonmbo,cifar,image
7,100.0,7,poissonmbo,cifar,image
8,100.0,8,poissonmbo,cifar,image
9,100.0,9,poissonmbo,cifar,image
0,100.0,0,sparselabelpropagation,cifar,image
1,100.0,1,sparselabelpropagation,cifar,image
2,100.0,2,sparselabelpropagation,cifar,image
3,100.0,3,sparselabelpropagation,cifar,image
4,100.0,4,sparselabelpropagation,cifar,image
5,100.0,5,sparselabelpropagation,cifar,image
6,100.0,6,sparselabelpropagation,cifar,image
7,100.0,7,sparselabelpropagation,cifar,image
8,100.0,8,sparselabelpropagation,cifar,image
9,100.0,9,sparselabelpropagation,cifar,image
0,100.0,0,centeredkernel,cifar,image
1,100.0,1,centeredkernel,cifar,image
2,100.0,2,centeredkernel,cifar,image
3,100.0,3,centeredkernel,cifar,image
4,100.0,4,centeredkernel,cifar,image
5,100.0,5,centeredkernel,cifar,image
6,100.0,6,centeredkernel,cifar,image
7,100.0,7,centeredkernel,cifar,image
8,100.0,8,centeredkernel,cifar,image
9,100.0,9,centeredkernel,cifar,image
0,99.02063492063492,0,laplace,mnist,image
1,99.01428571428572,1,laplace,mnist,image
2,99.12857142857143,2,laplace,mnist,image
3,99.04761904761904,3,laplace,mnist,image
4,99.115873015873,4,laplace,mnist,image
5,99.08253968253969,5,laplace,mnist,image
6,99.0238095238095,6,laplace,mnist,image
7,99.06984126984129,7,laplace,mnist,image
8,99.07936507936508,8,laplace,mnist,image
9,99.02222222222224,9,laplace,mnist,image
0,98.33492063492064,0,randomwalk,mnist,image
1,98.35555555555555,1,randomwalk,mnist,image
2,98.4,2,randomwalk,mnist,image
3,98.3873015873016,3,randomwalk,mnist,image
4,98.3952380952381,4,randomwalk,mnist,image
5,98.37301587301589,5,randomwalk,mnist,image
6,98.4,6,randomwalk,mnist,image
7,98.43174603174604,7,randomwalk,mnist,image
8,98.38571428571429,8,randomwalk,mnist,image
9,98.4015873015873,9,randomwalk,mnist,image
0,99.03650793650793,0,wnll,mnist,image
1,99.07777777777778,1,wnll,mnist,image
2,99.0126984126984,2,wnll,mnist,image
3,99.07301587301588,3,wnll,mnist,image
4,99.08253968253969,4,wnll,mnist,image
5,99.07301587301588,5,wnll,mnist,image
6,99.03968253968254,6,wnll,mnist,image
7,99.05238095238096,7,wnll,mnist,image
8,99.03174603174604,8,wnll,mnist,image
9,99.04126984126984,9,wnll,mnist,image
0,99.09047619047621,0,mean_shifted_laplace,mnist,image
1,99.06031746031746,1,mean_shifted_laplace,mnist,image
2,99.06031746031746,2,mean_shifted_laplace,mnist,image
3,99.05238095238096,3,mean_shifted_laplace,mnist,image
4,99.0174603174603,4,mean_shifted_laplace,mnist,image
5,99.04444444444445,5,mean_shifted_laplace,mnist,image
6,99.06190476190477,6,mean_shifted_laplace,mnist,image
7,99.04761904761904,7,mean_shifted_laplace,mnist,image
8,99.03333333333332,8,mean_shifted_laplace,mnist,image
9,99.03492063492064,9,mean_shifted_laplace,mnist,image
0,98.71746031746031,0,poissonmbo_old,mnist,image
1,98.66666666666669,1,poissonmbo_old,mnist,image
2,98.7238095238095,2,poissonmbo_old,mnist,image
3,98.6873015873016,3,poissonmbo_old,mnist,image
4,98.67142857142859,4,poissonmbo_old,mnist,image
5,98.76825396825396,5,poissonmbo_old,mnist,image
6,98.66825396825395,6,poissonmbo_old,mnist,image
7,98.65079365079364,7,poissonmbo_old,mnist,image
8,98.66507936507936,8,poissonmbo_old,mnist,image
9,98.75714285714285,9,poissonmbo_old,mnist,image
0,98.7063492063492,0,poissonmbobalanced,mnist,image
1,98.63650793650793,1,poissonmbobalanced,mnist,image
2,98.73968253968252,2,poissonmbobalanced,mnist,image
3,98.66984126984129,3,poissonmbobalanced,mnist,image
4,98.68095238095238,4,poissonmbobalanced,mnist,image
5,98.70476190476192,5,poissonmbobalanced,mnist,image
6,98.70793650793651,6,poissonmbobalanced,mnist,image
7,98.67460317460319,7,poissonmbobalanced,mnist,image
8,98.63333333333334,8,poissonmbobalanced,mnist,image
9,98.77301587301588,9,poissonmbobalanced,mnist,image
0,96.75714285714285,0,poisson2,mnist,image
1,96.75714285714285,1,poisson2,mnist,image
2,96.74126984126984,2,poisson2,mnist,image
3,96.8031746031746,3,poisson2,mnist,image
4,96.70317460317459,4,poisson2,mnist,image
5,96.64761904761903,5,poisson2,mnist,image
6,96.77301587301588,6,poisson2,mnist,image
7,96.58253968253969,7,poisson2,mnist,image
8,96.8904761904762,8,poisson2,mnist,image
9,96.72063492063492,9,poisson2,mnist,image
0,98.54920634920636,0,poisson,mnist,image
1,98.58888888888887,1,poisson,mnist,image
2,98.57301587301588,2,poisson,mnist,image
3,98.52539682539684,3,poisson,mnist,image
4,98.56190476190477,4,poisson,mnist,image
5,98.56666666666666,5,poisson,mnist,image
6,98.57301587301588,6,poisson,mnist,image
7,98.65238095238097,7,poisson,mnist,image
8,98.56984126984129,8,poisson,mnist,image
9,98.61111111111113,9,poisson,mnist,image
0,98.55555555555556,0,poissonbalanced,mnist,image
1,98.58730158730158,1,poissonbalanced,mnist,image
2,98.55238095238096,2,poissonbalanced,mnist,image
3,98.56825396825396,3,poissonbalanced,mnist,image
4,98.55396825396824,4,poissonbalanced,mnist,image
5,98.61904761904762,5,poissonbalanced,mnist,image
6,98.51904761904764,6,poissonbalanced,mnist,image
7,98.58730158730158,7,poissonbalanced,mnist,image
8,98.58730158730158,8,poissonbalanced,mnist,image
9,98.58888888888887,9,poissonbalanced,mnist,image
0,98.56031746031746,0,poissonvolume,mnist,image
1,98.58253968253969,1,poissonvolume,mnist,image
2,98.55079365079365,2,poissonvolume,mnist,image
3,98.55555555555556,3,poissonvolume,mnist,image
4,98.55873015873016,4,poissonvolume,mnist,image
5,98.6,5,poissonvolume,mnist,image
6,98.5984126984127,6,poissonvolume,mnist,image
7,98.5174603174603,7,poissonvolume,mnist,image
8,98.615873015873,8,poissonvolume,mnist,image
9,98.56666666666666,9,poissonvolume,mnist,image
0,98.76507936507936,0,poissonmbo,mnist,image
1,98.75555555555556,1,poissonmbo,mnist,image
2,98.7015873015873,2,poissonmbo,mnist,image
3,98.6936507936508,3,poissonmbo,mnist,image
4,98.66190476190478,4,poissonmbo,mnist,image
5,98.66984126984129,5,poissonmbo,mnist,image
6,98.7238095238095,6,poissonmbo,mnist,image
7,98.56031746031746,7,poissonmbo,mnist,image
8,98.63809523809523,8,poissonmbo,mnist,image
9,98.684126984127,9,poissonmbo,mnist,image
0,98.9761904761905,0,sparselabelpropagation,mnist,image
1,98.984126984127,1,sparselabelpropagation,mnist,image
2,98.92222222222222,2,sparselabelpropagation,mnist,image
3,98.87936507936509,3,sparselabelpropagation,mnist,image
4,98.92380952380951,4,sparselabelpropagation,mnist,image
5,98.99682539682541,5,sparselabelpropagation,mnist,image
6,98.93174603174604,6,sparselabelpropagation,mnist,image
7,98.92857142857143,7,sparselabelpropagation,mnist,image
8,98.93333333333334,8,sparselabelpropagation,mnist,image
9,98.94920634920635,9,sparselabelpropagation,mnist,image
0,98.92539682539685,0,centeredkernel,mnist,image
1,98.94603174603176,1,centeredkernel,mnist,image
2,98.89206349206349,2,centeredkernel,mnist,image
3,99.04603174603174,3,centeredkernel,mnist,image
4,98.93174603174604,4,centeredkernel,mnist,image
5,98.9904761904762,5,centeredkernel,mnist,image
6,99.0238095238095,6,centeredkernel,mnist,image
7,99.07142857142857,7,centeredkernel,mnist,image
8,98.93809523809523,8,centeredkernel,mnist,image
9,98.99841269841271,9,centeredkernel,mnist,image
0,70.55298283846362,0,laplace,reuters,text
1,68.75510760010896,1,laplace,reuters,text
2,70.3350585671479,2,laplace,reuters,text
3,68.15581585399075,3,laplace,reuters,text
4,70.71642604195044,4,laplace,reuters,text
5,70.06265322800327,5,laplace,reuters,text
6,70.60746390629257,6,laplace,reuters,text
7,70.03541269408879,7,laplace,reuters,text
8,69.70852628711523,8,laplace,reuters,text
9,69.59956415145737,9,laplace,reuters,text
0,82.83846363388723,0,randomwalk,reuters,text
1,82.7022609643149,1,randomwalk,reuters,text
2,82.51157722691364,2,randomwalk,reuters,text
3,83.79188232089349,3,randomwalk,reuters,text
4,83.1653500408608,4,randomwalk,reuters,text
5,82.83846363388723,5,randomwalk,reuters,text
6,83.5467175156633,6,randomwalk,reuters,text
7,82.72950149822938,7,randomwalk,reuters,text
8,82.81122309997276,8,randomwalk,reuters,text
9,82.53881776082811,9,randomwalk,reuters,text
0,70.1988558975756,0,wnll,reuters,text
1,71.75156633070009,1,wnll,reuters,text
2,71.07055298283845,2,wnll,reuters,text
3,70.90710977935167,3,wnll,reuters,text
4,69.59956415145737,4,wnll,reuters,text
5,69.24543721056932,5,wnll,reuters,text
6,70.06265322800327,6,wnll,reuters,text
7,70.38953963497684,7,wnll,reuters,text
8,70.71642604195044,8,wnll,reuters,text
9,70.52574230454917,9,wnll,reuters,text
0,68.45546172704985,0,mean_shifted_laplace,reuters,text
1,68.61890493053664,1,mean_shifted_laplace,reuters,text
2,68.72786706619449,2,mean_shifted_laplace,reuters,text
3,68.01961318441842,3,mean_shifted_laplace,reuters,text
4,68.59166439662218,4,mean_shifted_laplace,reuters,text
5,68.78234813402342,5,mean_shifted_laplace,reuters,text
6,68.29201852356306,6,mean_shifted_laplace,reuters,text
7,68.29201852356306,7,mean_shifted_laplace,reuters,text
8,69.08199400708254,8,mean_shifted_laplace,reuters,text
9,69.24543721056932,9,mean_shifted_laplace,reuters,text
0,80.0871697085263,0,poissonmbo_old,reuters,text
1,80.4685371833288,1,poissonmbo_old,reuters,text
2,80.90438572596021,2,poissonmbo_old,reuters,text
3,79.95096703895395,3,poissonmbo_old,reuters,text
4,79.59684009806594,4,poissonmbo_old,reuters,text
5,80.05992917461181,5,poissonmbo_old,reuters,text
6,80.76818305638791,6,poissonmbo_old,reuters,text
7,79.65132116589486,7,poissonmbo_old,reuters,text
8,79.86924543721057,8,poissonmbo_old,reuters,text
9,80.79542359030236,9,poissonmbo_old,reuters,text
0,80.305093979842,0,poissonmbobalanced,reuters,text
1,80.25061291201308,1,poissonmbobalanced,reuters,text
2,80.03268864069736,2,poissonmbobalanced,reuters,text
3,79.73304276763825,3,poissonmbobalanced,reuters,text
4,78.97030781803323,4,poissonmbobalanced,reuters,text
5,79.9237265050395,5,poissonmbobalanced,reuters,text
6,81.06782892944702,6,poissonmbobalanced,reuters,text
7,80.65922092073005,7,poissonmbobalanced,reuters,text
8,80.44129664941433,8,poissonmbobalanced,reuters,text
9,78.94306728411877,9,poissonmbobalanced,reuters,text
0,50.66739308090438,0,poisson2,reuters,text
1,51.02152002179242,1,poisson2,reuters,text
2,50.72187414873331,2,poisson2,reuters,text
3,50.83083628439118,3,poisson2,reuters,text
4,50.83083628439118,4,poisson2,reuters,text
5,50.44946880958865,5,poisson2,reuters,text
6,47.86161808771452,6,poisson2,reuters,text
7,47.888858621628984,7,poisson2,reuters,text
8,47.75265595205666,8,poisson2,reuters,text
9,47.99782075728685,9,poisson2,reuters,text
0,52.95559792971942,0,poisson,reuters,text
1,51.34840642876601,1,poisson,reuters,text
2,50.1225824026151,2,poisson,reuters,text
3,52.0566603105421,3,poisson,reuters,text
4,50.85807681830565,4,poisson,reuters,text
5,51.97493870879868,5,poisson,reuters,text
6,50.912557886134564,6,poisson,reuters,text
7,52.98283846363389,7,poisson,reuters,text
8,55.216562244619986,8,poisson,reuters,text
9,50.040860800871705,9,poisson,reuters,text
0,52.901116861890486,0,poissonbalanced,reuters,text
1,49.93189866521384,1,poissonbalanced,reuters,text
2,51.593571233996194,2,poissonbalanced,reuters,text
3,49.768455461727044,3,poissonbalanced,reuters,text
4,49.85017706347045,4,poissonbalanced,reuters,text
5,52.08390084445655,5,poissonbalanced,reuters,text
6,51.92045764096977,6,poissonbalanced,reuters,text
7,50.36774720784528,7,poissonbalanced,reuters,text
8,52.220103514028885,8,poissonbalanced,reuters,text
9,53.11904113320622,9,poissonbalanced,reuters,text
0,54.72623263415963,0,poissonvolume,reuters,text
1,55.87033505856715,1,poissonvolume,reuters,text
2,48.86951784254971,2,poissonvolume,reuters,text
3,54.23590302369927,3,poissonvolume,reuters,text
4,52.79215472623263,4,poissonvolume,reuters,text
5,51.04876055570689,5,poissonvolume,reuters,text
6,51.97493870879868,6,poissonvolume,reuters,text
7,50.14982293652955,7,poissonvolume,reuters,text
8,50.885317352220106,8,poissonvolume,reuters,text
9,49.93189866521384,9,poissonvolume,reuters,text
0,82.75674203214383,0,poissonmbo,reuters,text
1,82.75674203214383,1,poissonmbo,reuters,text
2,81.96676654862435,2,poissonmbo,reuters,text
3,82.62053936257149,3,poissonmbo,reuters,text
4,82.7022609643149,4,poissonmbo,reuters,text
5,82.59329882865704,5,poissonmbo,reuters,text
6,82.04848815036775,6,poissonmbo,reuters,text
7,81.42195587033504,7,poissonmbo,reuters,text
8,83.19259057477527,8,poissonmbo,reuters,text
9,83.6284391174067,9,poissonmbo,reuters,text
0,83.65567965132118,0,sparselabelpropagation,reuters,text
1,80.4685371833288,1,sparselabelpropagation,reuters,text
2,81.17679106510488,2,sparselabelpropagation,reuters,text
3,80.63198038681557,3,sparselabelpropagation,reuters,text
4,81.61263960773631,4,sparselabelpropagation,reuters,text
5,82.3208934895124,5,sparselabelpropagation,reuters,text
6,80.79542359030236,6,sparselabelpropagation,reuters,text
7,81.1495505311904,7,sparselabelpropagation,reuters,text
8,79.89648597112503,8,sparselabelpropagation,reuters,text
9,80.74094252247345,9,sparselabelpropagation,reuters,text
0,69.57232361754289,0,centeredkernel,reuters,text
1,69.98093162625987,1,centeredkernel,reuters,text
2,69.08199400708254,2,centeredkernel,reuters,text
3,70.28057749931898,3,centeredkernel,reuters,text
4,69.84472895668755,4,centeredkernel,reuters,text
5,69.43612094797058,5,centeredkernel,reuters,text
6,70.00817216017434,6,centeredkernel,reuters,text
7,69.84472895668755,7,centeredkernel,reuters,text
8,70.52574230454917,8,centeredkernel,reuters,text
9,68.94579133751023,9,centeredkernel,reuters,text
0,53.94465097067327,0,laplace,ohsumed,text
1,55.555555555555564,1,laplace,ohsumed,text
2,54.109871953738114,2,laplace,ohsumed,text
3,54.3783560512185,3,laplace,ohsumed,text
4,54.66749277158199,4,laplace,ohsumed,text
5,54.109871953738114,5,laplace,ohsumed,text
6,54.7087980173482,6,laplace,ohsumed,text
7,54.23378769103676,7,laplace,ohsumed,text
8,53.53159851301115,8,laplace,ohsumed,text
9,54.99793473771169,9,laplace,ohsumed,text
0,62.35026848409749,0,randomwalk,ohsumed,text
1,61.97852127220157,1,randomwalk,ohsumed,text
2,63.23833126807104,2,randomwalk,ohsumed,text
3,63.50681536555143,3,randomwalk,ohsumed,text
4,63.01115241635688,4,randomwalk,ohsumed,text
5,64.33292028087567,5,randomwalk,ohsumed,text
6,62.7633209417596,6,randomwalk,ohsumed,text
7,62.70136307311029,7,randomwalk,ohsumed,text
8,63.610078479966965,8,randomwalk,ohsumed,text
9,63.46551011978522,9,randomwalk,ohsumed,text
0,54.04791408508881,0,wnll,ohsumed,text
1,53.20115654688146,1,wnll,ohsumed,text
2,55.121850475010326,2,wnll,ohsumed,text
3,53.779429987608424,3,wnll,ohsumed,text
4,54.04791408508881,4,wnll,ohsumed,text
5,53.779429987608424,5,wnll,ohsumed,text
6,54.33705080545229,6,wnll,ohsumed,text
7,54.58488228004957,7,wnll,ohsumed,text
8,54.894671623296155,8,wnll,ohsumed,text
9,54.46096654275093,9,wnll,ohsumed,text
0,52.43700950020653,0,mean_shifted_laplace,ohsumed,text
1,53.73812474184221,1,mean_shifted_laplace,ohsumed,text
2,54.13052457662123,2,mean_shifted_laplace,ohsumed,text
3,51.941346551011975,3,mean_shifted_laplace,ohsumed,text
4,53.696819496076,4,mean_shifted_laplace,ohsumed,text
5,53.53159851301115,5,mean_shifted_laplace,ohsumed,text
6,53.242461792647674,6,mean_shifted_laplace,ohsumed,text
7,53.49029326724494,7,mean_shifted_laplace,ohsumed,text
8,53.139198678232134,8,mean_shifted_laplace,ohsumed,text
9,53.800082610491536,9,mean_shifted_laplace,ohsumed,text
0,59.76869062370921,0,poissonmbo_old,ohsumed,text
1,59.64477488641057,1,poissonmbo_old,ohsumed,text
2,58.65344898802148,2,poissonmbo_old,ohsumed,text
3,58.632796365138375,3,poissonmbo_old,ohsumed,text
4,58.52953325072285,4,poissonmbo_old,ohsumed,text
5,58.7360594795539,5,poissonmbo_old,ohsumed,text
6,60.26435357290376,6,poissonmbo_old,ohsumed,text
7,58.79801734820322,7,poissonmbo_old,ohsumed,text
8,58.40561751342422,8,poissonmbo_old,ohsumed,text
9,59.727385377943,9,poissonmbo_old,ohsumed,text
0,58.65344898802148,0,poissonmbobalanced,ohsumed,text
1,58.715406856670796,1,poissonmbobalanced,ohsumed,text
2,59.08715406856671,2,poissonmbobalanced,ohsumed,text
3,59.25237505163157,3,poissonmbobalanced,ohsumed,text
4,58.384964890541106,4,poissonmbobalanced,ohsumed,text
5,59.0458488228005,5,poissonmbobalanced,ohsumed,text
6,58.75671210243701,6,poissonmbobalanced,ohsumed,text
7,58.65344898802148,7,poissonmbobalanced,ohsumed,text
8,59.520859149111935,8,poissonmbobalanced,ohsumed,text
9,57.393638992152006,9,poissonmbobalanced,ohsumed,text
0,46.48905410987195,0,poisson2,ohsumed,text
1,45.55968608013218,1,poisson2,ohsumed,text
2,54.564229657166464,2,poisson2,ohsumed,text
3,45.49772821148286,3,poisson2,ohsumed,text
4,50.578273440726974,4,poisson2,ohsumed,text
5,45.6216439487815,5,poisson2,ohsumed,text
6,56.75340768277571,6,poisson2,ohsumed,text
7,45.53903345724907,7,poisson2,ohsumed,text
8,46.46840148698885,8,poisson2,ohsumed,text
9,53.696819496076,9,poisson2,ohsumed,text
0,48.058653448988025,0,poisson,ohsumed,text
1,46.117306897976036,1,poisson,ohsumed,text
2,48.12061131763735,2,poisson,ohsumed,text
3,47.04667492771582,3,poisson,ohsumed,text
4,48.451053283767045,4,poisson,ohsumed,text
5,46.73688558446922,5,poisson,ohsumed,text
6,45.37381247418422,6,poisson,ohsumed,text
7,46.53035935563817,7,poisson,ohsumed,text
8,47.60429574555968,8,poisson,ohsumed,text
9,48.533663775299466,9,poisson,ohsumed,text
0,50.12391573729864,0,poissonbalanced,ohsumed,text
1,45.72490706319702,1,poissonbalanced,ohsumed,text
2,47.852127220156966,2,poissonbalanced,ohsumed,text
3,49.17389508467576,3,poissonbalanced,ohsumed,text
4,48.96736885584469,4,poissonbalanced,ohsumed,text
5,48.96736885584469,5,poissonbalanced,ohsumed,text
6,46.09665427509294,6,poissonbalanced,ohsumed,text
7,46.53035935563817,7,poissonbalanced,ohsumed,text
8,47.108632796365136,8,poissonbalanced,ohsumed,text
9,46.96406443618339,9,poissonbalanced,ohsumed,text
0,46.05534902932673,0,poissonvolume,ohsumed,text
1,46.6336224700537,1,poissonvolume,ohsumed,text
2,48.492358529533256,2,poissonvolume,ohsumed,text
3,47.872779843040064,3,poissonvolume,ohsumed,text
4,46.117306897976036,4,poissonvolume,ohsumed,text
5,47.19124328789757,5,poissonvolume,ohsumed,text
6,46.0140437835605,6,poissonvolume,ohsumed,text
7,46.46840148698885,7,poissonvolume,ohsumed,text
8,46.922759190417175,8,poissonvolume,ohsumed,text
9,46.96406443618339,9,poissonvolume,ohsumed,text
0,60.0371747211896,0,poissonmbo,ohsumed,text
1,57.90995456422966,1,poissonmbo,ohsumed,text
2,59.7067327550599,2,poissonmbo,ohsumed,text
3,60.53283767038414,3,poissonmbo,ohsumed,text
4,60.181743081371344,4,poissonmbo,ohsumed,text
5,60.11978521272202,5,poissonmbo,ohsumed,text
6,59.08715406856671,6,poissonmbo,ohsumed,text
7,58.0751755472945,7,poissonmbo,ohsumed,text
8,59.85130111524163,8,poissonmbo,ohsumed,text
9,58.96323833126807,9,poissonmbo,ohsumed,text
0,62.22635274679885,0,sparselabelpropagation,ohsumed,text
1,60.47087980173482,1,sparselabelpropagation,ohsumed,text
2,60.863279636513845,2,sparselabelpropagation,ohsumed,text
3,59.3969434118133,3,sparselabelpropagation,ohsumed,text
4,56.91862866584057,4,sparselabelpropagation,ohsumed,text
5,62.618752581577866,5,sparselabelpropagation,ohsumed,text
6,58.550185873605955,6,sparselabelpropagation,ohsumed,text
7,59.35563816604709,7,sparselabelpropagation,ohsumed,text
8,59.58281701776126,8,sparselabelpropagation,ohsumed,text
9,58.88062783973565,9,sparselabelpropagation,ohsumed,text
0,55.885997521685255,0,centeredkernel,ohsumed,text
1,56.50557620817843,1,centeredkernel,ohsumed,text
2,57.10450227178852,2,centeredkernel,ohsumed,text
3,56.83601817430814,3,centeredkernel,ohsumed,text
4,56.381660470879794,4,centeredkernel,ohsumed,text
5,57.22841800908715,5,centeredkernel,ohsumed,text
6,56.051218504750096,6,centeredkernel,ohsumed,text
7,57.16646014043784,7,centeredkernel,ohsumed,text
8,57.414291615035104,8,centeredkernel,ohsumed,text
9,56.54688145394464,9,centeredkernel,ohsumed,text
0,58.109780241536335,0,laplace,corpus,text
1,58.109780241536335,1,laplace,corpus,text
2,58.109780241536335,2,laplace,corpus,text
3,58.109780241536335,3,laplace,corpus,text
4,58.109780241536335,4,laplace,corpus,text
5,58.109780241536335,5,laplace,corpus,text
6,58.109780241536335,6,laplace,corpus,text
7,58.109780241536335,7,laplace,corpus,text
8,58.109780241536335,8,laplace,corpus,text
9,58.109780241536335,9,laplace,corpus,text
0,58.109780241536335,0,randomwalk,corpus,text
1,58.109780241536335,1,randomwalk,corpus,text
2,58.109780241536335,2,randomwalk,corpus,text
3,58.109780241536335,3,randomwalk,corpus,text
4,58.109780241536335,4,randomwalk,corpus,text
5,58.109780241536335,5,randomwalk,corpus,text
6,58.109780241536335,6,randomwalk,corpus,text
7,58.109780241536335,7,randomwalk,corpus,text
8,58.109780241536335,8,randomwalk,corpus,text
9,58.109780241536335,9,randomwalk,corpus,text
0,58.109780241536335,0,wnll,corpus,text
1,58.109780241536335,1,wnll,corpus,text
2,58.109780241536335,2,wnll,corpus,text
3,58.109780241536335,3,wnll,corpus,text
4,58.109780241536335,4,wnll,corpus,text
5,58.109780241536335,5,wnll,corpus,text
6,58.109780241536335,6,wnll,corpus,text
7,58.109780241536335,7,wnll,corpus,text
8,58.109780241536335,8,wnll,corpus,text
9,58.109780241536335,9,wnll,corpus,text
0,58.109780241536335,0,mean_shifted_laplace,corpus,text
1,58.109780241536335,1,mean_shifted_laplace,corpus,text
2,58.109780241536335,2,mean_shifted_laplace,corpus,text
3,58.109780241536335,3,mean_shifted_laplace,corpus,text
4,58.109780241536335,4,mean_shifted_laplace,corpus,text
5,58.109780241536335,5,mean_shifted_laplace,corpus,text
6,58.109780241536335,6,mean_shifted_laplace,corpus,text
7,58.109780241536335,7,mean_shifted_laplace,corpus,text
8,58.109780241536335,8,mean_shifted_laplace,corpus,text
9,58.109780241536335,9,mean_shifted_laplace,corpus,text
0,58.109780241536335,0,poissonmbo_old,corpus,text
1,58.109780241536335,1,poissonmbo_old,corpus,text
2,58.109780241536335,2,poissonmbo_old,corpus,text
3,58.109780241536335,3,poissonmbo_old,corpus,text
4,58.109780241536335,4,poissonmbo_old,corpus,text
5,58.109780241536335,5,poissonmbo_old,corpus,text
6,58.109780241536335,6,poissonmbo_old,corpus,text
7,58.109780241536335,7,poissonmbo_old,corpus,text
8,58.109780241536335,8,poissonmbo_old,corpus,text
9,58.109780241536335,9,poissonmbo_old,corpus,text
0,58.109780241536335,0,poissonmbobalanced,corpus,text
1,58.109780241536335,1,poissonmbobalanced,corpus,text
2,58.109780241536335,2,poissonmbobalanced,corpus,text
3,58.109780241536335,3,poissonmbobalanced,corpus,text
4,58.109780241536335,4,poissonmbobalanced,corpus,text
5,58.109780241536335,5,poissonmbobalanced,corpus,text
6,58.109780241536335,6,poissonmbobalanced,corpus,text
7,58.109780241536335,7,poissonmbobalanced,corpus,text
8,58.109780241536335,8,poissonmbobalanced,corpus,text
9,58.109780241536335,9,poissonmbobalanced,corpus,text
0,58.109780241536335,0,poisson2,corpus,text
1,58.109780241536335,1,poisson2,corpus,text
2,58.109780241536335,2,poisson2,corpus,text
3,58.109780241536335,3,poisson2,corpus,text
4,58.109780241536335,4,poisson2,corpus,text
5,58.109780241536335,5,poisson2,corpus,text
6,58.109780241536335,6,poisson2,corpus,text
7,58.109780241536335,7,poisson2,corpus,text
8,58.109780241536335,8,poisson2,corpus,text
9,58.109780241536335,9,poisson2,corpus,text
0,58.109780241536335,0,poisson,corpus,text
1,58.109780241536335,1,poisson,corpus,text
2,58.109780241536335,2,poisson,corpus,text
3,58.109780241536335,3,poisson,corpus,text
4,58.109780241536335,4,poisson,corpus,text
5,58.109780241536335,5,poisson,corpus,text
6,58.109780241536335,6,poisson,corpus,text
7,58.109780241536335,7,poisson,corpus,text
8,58.109780241536335,8,poisson,corpus,text
9,58.109780241536335,9,poisson,corpus,text
0,58.109780241536335,0,poissonbalanced,corpus,text
1,58.109780241536335,1,poissonbalanced,corpus,text
2,58.109780241536335,2,poissonbalanced,corpus,text
3,58.109780241536335,3,poissonbalanced,corpus,text
4,58.109780241536335,4,poissonbalanced,corpus,text
5,58.109780241536335,5,poissonbalanced,corpus,text
6,58.109780241536335,6,poissonbalanced,corpus,text
7,58.109780241536335,7,poissonbalanced,corpus,text
8,58.109780241536335,8,poissonbalanced,corpus,text
9,58.109780241536335,9,poissonbalanced,corpus,text
0,58.109780241536335,0,poissonvolume,corpus,text
1,58.109780241536335,1,poissonvolume,corpus,text
2,58.109780241536335,2,poissonvolume,corpus,text
3,58.109780241536335,3,poissonvolume,corpus,text
4,58.109780241536335,4,poissonvolume,corpus,text
5,58.109780241536335,5,poissonvolume,corpus,text
6,58.109780241536335,6,poissonvolume,corpus,text
7,58.109780241536335,7,poissonvolume,corpus,text
8,58.109780241536335,8,poissonvolume,corpus,text
9,58.109780241536335,9,poissonvolume,corpus,text
0,58.109780241536335,0,poissonmbo,corpus,text
1,58.109780241536335,1,poissonmbo,corpus,text
2,58.109780241536335,2,poissonmbo,corpus,text
3,58.109780241536335,3,poissonmbo,corpus,text
4,58.109780241536335,4,poissonmbo,corpus,text
5,58.109780241536335,5,poissonmbo,corpus,text
6,58.109780241536335,6,poissonmbo,corpus,text
7,58.109780241536335,7,poissonmbo,corpus,text
8,58.109780241536335,8,poissonmbo,corpus,text
9,58.109780241536335,9,poissonmbo,corpus,text
0,58.109780241536335,0,sparselabelpropagation,corpus,text
1,58.109780241536335,1,sparselabelpropagation,corpus,text
2,58.13700257374778,2,sparselabelpropagation,corpus,text
3,58.109780241536335,3,sparselabelpropagation,corpus,text
4,58.109780241536335,4,sparselabelpropagation,corpus,text
5,58.109780241536335,5,sparselabelpropagation,corpus,text
6,58.109780241536335,6,sparselabelpropagation,corpus,text
7,58.109780241536335,7,sparselabelpropagation,corpus,text
8,58.109780241536335,8,sparselabelpropagation,corpus,text
9,58.109780241536335,9,sparselabelpropagation,corpus,text
0,58.109780241536335,0,centeredkernel,corpus,text
1,58.109780241536335,1,centeredkernel,corpus,text
2,58.109780241536335,2,centeredkernel,corpus,text
3,58.109780241536335,3,centeredkernel,corpus,text
4,58.109780241536335,4,centeredkernel,corpus,text
5,58.109780241536335,5,centeredkernel,corpus,text
6,58.109780241536335,6,centeredkernel,corpus,text
7,58.109780241536335,7,centeredkernel,corpus,text
8,58.109780241536335,8,centeredkernel,corpus,text
9,58.109780241536335,9,centeredkernel,corpus,text
0,86.89240851993445,0,laplace,20news,text
1,86.78317859093391,1,laplace,20news,text
2,86.94702348443474,2,laplace,20news,text
3,85.09011469142546,3,laplace,20news,text
4,86.83779355543419,4,laplace,20news,text
5,86.61933369743309,5,laplace,20news,text
6,86.12779901693064,6,laplace,20news,text
7,87.49317312943747,7,laplace,20news,text
8,86.89240851993445,8,laplace,20news,text
9,86.18241398143091,9,laplace,20news,text
0,87.98470780993992,0,randomwalk,20news,text
1,86.89240851993445,1,randomwalk,20news,text
2,87.05625341343529,2,randomwalk,20news,text
3,87.60240305843801,3,randomwalk,20news,text
4,85.85472419442928,4,randomwalk,20news,text
5,87.43855816493719,5,randomwalk,20news,text
6,89.02239213544512,6,randomwalk,20news,text
7,87.16548334243583,7,randomwalk,20news,text
8,86.29164391043146,8,randomwalk,20news,text
9,86.34625887493173,9,randomwalk,20news,text
0,86.18241398143091,0,wnll,20news,text
1,85.52703440742765,1,wnll,20news,text
2,85.80010922992899,2,wnll,20news,text
3,86.67394866193338,3,wnll,20news,text
4,86.40087383943201,4,wnll,20news,text
5,86.78317859093391,5,wnll,20news,text
6,85.47241944292736,6,wnll,20news,text
7,86.23702894593119,7,wnll,20news,text
8,86.89240851993445,8,wnll,20news,text
9,86.07318405243036,9,wnll,20news,text
0,86.18241398143091,0,mean_shifted_laplace,20news,text
1,86.18241398143091,1,mean_shifted_laplace,20news,text
2,86.94702348443474,2,mean_shifted_laplace,20news,text
3,85.96395412342982,3,mean_shifted_laplace,20news,text
4,86.61933369743309,4,mean_shifted_laplace,20news,text
5,86.56471873293282,5,mean_shifted_laplace,20news,text
6,86.18241398143091,6,mean_shifted_laplace,20news,text
7,86.72856362643364,7,mean_shifted_laplace,20news,text
8,86.34625887493173,8,mean_shifted_laplace,20news,text
9,86.51010376843256,9,mean_shifted_laplace,20news,text
0,88.14855270344074,0,poissonmbo_old,20news,text
1,87.49317312943747,1,poissonmbo_old,20news,text
2,86.67394866193338,2,poissonmbo_old,20news,text
3,87.98470780993992,3,poissonmbo_old,20news,text
4,86.72856362643364,4,poissonmbo_old,20news,text
5,87.38394320043692,5,poissonmbo_old,20news,text
6,86.61933369743309,6,poissonmbo_old,20news,text
7,87.65701802293829,7,poissonmbo_old,20news,text
8,87.11086837793556,8,poissonmbo_old,20news,text
9,87.82086291643911,9,poissonmbo_old,20news,text
0,86.72856362643364,0,poissonmbobalanced,20news,text
1,87.32932823593664,1,poissonmbobalanced,20news,text
2,87.16548334243583,2,poissonmbobalanced,20news,text
3,87.00163844893501,3,poissonmbobalanced,20news,text
4,87.00163844893501,4,poissonmbobalanced,20news,text
5,86.67394866193338,5,poissonmbobalanced,20news,text
6,86.61933369743309,6,poissonmbobalanced,20news,text
7,87.43855816493719,7,poissonmbobalanced,20news,text
8,87.05625341343529,8,poissonmbobalanced,20news,text
9,86.40087383943201,9,poissonmbobalanced,20news,text
0,85.0354997269252,0,poisson2,20news,text
1,85.14472965592573,1,poisson2,20news,text
2,83.61551064991808,2,poisson2,20news,text
3,83.23320589841616,3,poisson2,20news,text
4,82.68705625341345,4,poisson2,20news,text
5,83.7793555434189,5,poisson2,20news,text
6,85.25395958492626,6,poisson2,20news,text
7,84.32550518842162,7,poisson2,20news,text
8,84.3801201529219,8,poisson2,20news,text
9,83.9432004369197,9,poisson2,20news,text
0,87.43855816493719,0,poisson,20news,text
1,86.94702348443474,1,poisson,20news,text
2,88.36701256144184,2,poisson,20news,text
3,86.40087383943201,3,poisson,20news,text
4,87.76624795193884,4,poisson,20news,text
5,86.29164391043146,5,poisson,20news,text
6,85.85472419442928,6,poisson,20news,text
7,86.94702348443474,7,poisson,20news,text
8,87.49317312943747,8,poisson,20news,text
9,86.23702894593119,9,poisson,20news,text
0,86.29164391043146,0,poissonbalanced,20news,text
1,87.27471327143637,1,poissonbalanced,20news,text
2,86.07318405243036,2,poissonbalanced,20news,text
3,85.90933915892954,3,poissonbalanced,20news,text
4,85.80010922992899,4,poissonbalanced,20news,text
5,86.56471873293282,5,poissonbalanced,20news,text
6,86.12779901693064,6,poissonbalanced,20news,text
7,86.01856908793009,7,poissonbalanced,20news,text
8,86.18241398143091,8,poissonbalanced,20news,text
9,86.67394866193338,9,poissonbalanced,20news,text
0,87.71163298743856,0,poissonvolume,20news,text
1,86.45548880393228,1,poissonvolume,20news,text
2,86.67394866193338,2,poissonvolume,20news,text
3,87.27471327143637,3,poissonvolume,20news,text
4,86.23702894593119,4,poissonvolume,20news,text
5,86.72856362643364,5,poissonvolume,20news,text
6,87.16548334243583,6,poissonvolume,20news,text
7,86.34625887493173,7,poissonvolume,20news,text
8,86.78317859093391,8,poissonvolume,20news,text
9,86.61933369743309,9,poissonvolume,20news,text
0,86.94702348443474,0,poissonmbo,20news,text
1,87.11086837793556,1,poissonmbo,20news,text
2,88.09393773894047,2,poissonmbo,20news,text
3,86.89240851993445,3,poissonmbo,20news,text
4,85.74549426542873,4,poissonmbo,20news,text
5,87.60240305843801,5,poissonmbo,20news,text
6,87.87547788093937,6,poissonmbo,20news,text
7,87.49317312943747,7,poissonmbo,20news,text
8,87.05625341343529,8,poissonmbo,20news,text
9,87.11086837793556,9,poissonmbo,20news,text
0,86.72856362643364,0,sparselabelpropagation,20news,text
1,86.83779355543419,1,sparselabelpropagation,20news,text
2,85.0354997269252,2,sparselabelpropagation,20news,text
3,85.85472419442928,3,sparselabelpropagation,20news,text
4,86.56471873293282,4,sparselabelpropagation,20news,text
5,86.40087383943201,5,sparselabelpropagation,20news,text
6,87.27471327143637,6,sparselabelpropagation,20news,text
7,86.72856362643364,7,sparselabelpropagation,20news,text
8,86.40087383943201,8,sparselabelpropagation,20news,text
9,85.80010922992899,9,sparselabelpropagation,20news,text
0,84.81703986892407,0,centeredkernel,20news,text
1,84.87165483342436,1,centeredkernel,20news,text
2,85.63626433642818,2,centeredkernel,20news,text
3,85.58164937192791,3,centeredkernel,20news,text
4,87.05625341343529,4,centeredkernel,20news,text
5,86.01856908793009,5,centeredkernel,20news,text
6,85.63626433642818,6,centeredkernel,20news,text
7,84.76242490442381,7,centeredkernel,20news,text
8,86.23702894593119,8,centeredkernel,20news,text
9,85.36318951392681,9,centeredkernel,20news,text
